# v1.0.58 -> v1.1.0
/docs/apartment /apartment/find 301
/docs/apartment/ /apartment/find 301
/docs/apartment/districts /apartment/districts 301
/docs/apartment/districts/ /apartment/districts 301
/docs/apartment/utilities /apartment/utilities 301
/docs/apartment/utilities/ /apartment/utilities 301
/docs/children /samarkand/people 301
/docs/children/ /samarkand/people 301
/docs/children/activities /children/activities 301
/docs/children/activities/ /children/activities 301
/docs/children/activities/feast /children/activities 301
/docs/children/activities/feast/ /children/activities 301
/docs/children/activities/playground /children/activities 301
/docs/children/activities/playground/ /children/activities 301
/docs/children/kindergarten /children/kindergarten 301
/docs/children/kindergarten/ /children/kindergarten 301
/docs/children/school /children/school 301
/docs/children/school/ /children/school 301
/docs/occupation /occupation 301
/docs/occupation/ /occupation 301
/docs/purchases /purchases/grocery 301
/docs/purchases/ /purchases/grocery 301
/docs/purchases/bazar /purchases/bazar 301
/docs/purchases/bazar/ /purchases/bazar 301
/docs/purchases/household /purchases/household 301
/docs/purchases/household/ /purchases/household 301
/docs/purchases/malls /purchases/malls 301
/docs/purchases/malls/ /purchases/malls 301
/docs/samarkand /samarkand/about 301
/docs/samarkand/ /samarkand/about 301
/docs/samarkand/people /samarkand/people 301
/docs/samarkand/people/ /samarkand/people 301
/docs/samarkand/toponyms /samarkand/toponyms 301
/docs/samarkand/toponyms/ /samarkand/toponyms 301
/docs/samarkand/weather /samarkand/weather 301
/docs/samarkand/weather/ /samarkand/weather 301
/docs/services/communication /services/communication 301
/docs/services/communication/ /services/communication 301
/docs/services/finance /services/finance 301
/docs/services/finance/ /services/finance 301
/docs/services/government /services/government 301
/docs/services/government/ /services/government 301
/docs/services/medicine /services/medicine 301
/docs/services/medicine/ /services/medicine 301
/docs/services/pets /services/pets 301
/docs/services/pets/ /services/pets 301
/docs/services/post /services/post 301
/docs/services/post/ /services/post 301
/docs/services/transport /services/transport 301
/docs/services/transport/ /services/transport 301
/docs/visa /samarkand/visa 301
/docs/visa/ /samarkand/visa 301
/links /other/links 301
/links/ /other/links 301

